id, identifier,  type1_id,  type2_id,  hp,  attack,  defense,  spatk,  spdef,  speed
1, bulbasaur,  12,  4,  45,  49,  49,  65,  65,  45
2, ivysaur,  12,  4,  60,  62,  63,  80,  80,  60
3, venusaur,  12,  4,  80,  82,  83,  100,  100,  80
4, charmander,  10,  0,  39,  52,  43,  60,  50,  65
5, charmeleon,  10,  0,  58,  64,  58,  80,  65,  80
6, charizard,  10,  3,  78,  84,  78,  109,  85,  100
7, squirtle,  11,  0,  44,  48,  65,  50,  64,  43
8, wartortle,  11,  0,  59,  63,  80,  65,  80,  58
9, blastoise,  11,  0,  79,  83,  100,  85,  105,  78
10, caterpie,  7,  0,  45,  30,  35,  20,  20,  45
11, metapod,  7,  0,  50,  20,  55,  25,  25,  30
12, butterfree,  7,  3,  60,  45,  50,  90,  80,  70
13, weedle,  7,  4,  40,  35,  30,  20,  20,  50
14, kakuna,  7,  4,  45,  25,  50,  25,  25,  35
15, beedrill,  7,  4,  65,  90,  40,  45,  80,  75
16, pidgey,  1,  3,  40,  45,  40,  35,  35,  56
17, pidgeotto,  1,  3,  63,  60,  55,  50,  50,  71
18, pidgeot,  1,  3,  83,  80,  75,  70,  70,  101
19, rattata,  1,  0,  30,  56,  35,  25,  35,  72
20, raticate,  1,  0,  55,  81,  60,  50,  70,  97
21, spearow,  1,  3,  40,  60,  30,  31,  31,  70
22, fearow,  1,  3,  65,  90,  65,  61,  61,  100
23, ekans,  4,  0,  35,  60,  44,  40,  54,  55
24, arbok,  4,  0,  60,  85,  69,  65,  79,  80
25, pikachu,  13,  0,  35,  55,  40,  50,  50,  90
26, raichu,  13,  0,  60,  90,  55,  90,  80,  110
27, sandshrew,  5,  0,  50,  75,  85,  20,  30,  40
28, sandslash,  5,  0,  75,  100,  110,  45,  55,  65
29, nidoran-F,  4,  0,  55,  47,  52,  40,  40,  41
30, nidorina,  4,  0,  70,  62,  67,  55,  55,  56
31, nidoqueen,  4,  5,  90,  92,  87,  75,  85,  76
32, nidoran-M,  4,  0,  46,  57,  40,  40,  40,  50
33, nidorino,  4,  0,  61,  72,  57,  55,  55,  65
34, nidoking,  4,  5,  81,  102,  77,  85,  75,  85
35, clefairy,  18,  0,  70,  45,  48,  60,  65,  35
36, clefable,  18,  0,  95,  70,  73,  95,  90,  60
37, vulpix,  10,  0,  38,  41,  40,  50,  65,  65
38, ninetales,  10,  0,  73,  76,  75,  81,  100,  100
39, jigglypuff,  1,  18,  115,  45,  20,  45,  25,  20
40, wigglytuff,  1,  18,  140,  70,  45,  85,  50,  45
41, zubat,  4,  3,  40,  45,  35,  30,  40,  55
42, golbat,  4,  3,  75,  80,  70,  65,  75,  90
43, oddish,  12,  4,  45,  50,  55,  75,  65,  30
44, gloom,  12,  4,  60,  65,  70,  85,  75,  40
45, vileplume,  12,  4,  75,  80,  85,  110,  90,  50
46, paras,  7,  12,  35,  70,  55,  45,  55,  25
47, parasect,  7,  12,  60,  95,  80,  60,  80,  30
48, venonat,  7,  4,  60,  55,  50,  40,  55,  45
49, venomoth,  7,  4,  70,  65,  60,  90,  75,  90
50, diglett,  5,  0,  10,  55,  25,  35,  45,  95
51, dugtrio,  5,  0,  35,  80,  50,  50,  70,  120
52, meowth,  1,  0,  40,  45,  35,  40,  40,  90
53, persian,  1,  0,  65,  70,  60,  65,  65,  115
54, psyduck,  11,  0,  50,  52,  48,  65,  50,  55
55, golduck,  11,  0,  80,  82,  78,  95,  80,  85
56, mankey,  2,  0,  40,  80,  35,  35,  45,  70
57, primeape,  2,  0,  65,  105,  60,  60,  70,  95
58, growlithe,  10,  0,  55,  70,  45,  70,  50,  60
59, arcanine,  10,  0,  90,  110,  80,  100,  80,  95
60, poliwag,  11,  0,  40,  50,  40,  40,  40,  90
61, poliwhirl,  11,  0,  65,  65,  65,  50,  50,  90
62, poliwrath,  11,  2,  90,  95,  95,  70,  90,  70
63, abra,  14,  0,  25,  20,  15,  105,  55,  90
64, kadabra,  14,  0,  40,  35,  30,  120,  70,  105
65, alakazam,  14,  0,  55,  50,  45,  135,  95,  120
66, machop,  2,  0,  70,  80,  50,  35,  35,  35
67, machoke,  2,  0,  80,  100,  70,  50,  60,  45
68, machamp,  2,  0,  90,  130,  80,  65,  85,  55
69, bellsprout,  12,  4,  50,  75,  35,  70,  30,  40
70, weepinbell,  12,  4,  65,  90,  50,  85,  45,  55
71, victreebel,  12,  4,  80,  105,  65,  100,  70,  70
72, tentacool,  11,  4,  40,  40,  35,  50,  100,  70
73, tentacruel,  11,  4,  80,  70,  65,  80,  120,  100
74, geodude,  6,  5,  40,  80,  100,  30,  30,  20
75, graveler,  6,  5,  55,  95,  115,  45,  45,  35
76, golem,  6,  5,  80,  120,  130,  55,  65,  45
77, ponyta,  10,  0,  50,  85,  55,  65,  65,  90
78, rapidash,  10,  0,  65,  100,  70,  80,  80,  105
79, slowpoke,  11,  14,  90,  65,  65,  40,  40,  15
80, slowbro,  11,  14,  95,  75,  110,  100,  80,  30
81, magnemite,  13,  9,  25,  35,  70,  95,  55,  45
82, magneton,  13,  9,  50,  60,  95,  120,  70,  70
83, farfetchd,  1,  3,  52,  65,  55,  58,  62,  60
84, doduo,  1,  3,  35,  85,  45,  35,  35,  75
85, dodrio,  1,  3,  60,  110,  70,  60,  60,  100
86, seel,  11,  0,  65,  45,  55,  45,  70,  45
87, dewgong,  11,  15,  90,  70,  80,  70,  95,  70
88, grimer,  4,  0,  80,  80,  50,  40,  50,  25
89, muk,  4,  0,  105,  105,  75,  65,  100,  50
90, shellder,  11,  0,  30,  65,  100,  45,  25,  40
91, cloyster,  11,  15,  50,  95,  180,  85,  45,  70
92, gastly,  8,  4,  30,  35,  30,  100,  35,  80
93, haunter,  8,  4,  45,  50,  45,  115,  55,  95
94, gengar,  8,  4,  60,  65,  60,  130,  75,  110
95, onix,  6,  5,  35,  45,  160,  30,  45,  70
96, drowzee,  14,  0,  60,  48,  45,  43,  90,  42
97, hypno,  14,  0,  85,  73,  70,  73,  115,  67
98, krabby,  11,  0,  30,  105,  90,  25,  25,  50
99, kingler,  11,  0,  55,  130,  115,  50,  50,  75
100, voltorb,  13,  0,  40,  30,  50,  55,  55,  100
101, electrode,  13,  0,  60,  50,  70,  80,  80,  140
102, exeggcute,  12,  14,  60,  40,  80,  60,  45,  40
103, exeggutor,  12,  14,  95,  95,  85,  125,  65,  55
104, cubone,  5,  0,  50,  50,  95,  40,  50,  35
105, marowak,  5,  0,  60,  80,  110,  50,  80,  45
106, hitmonlee,  2,  0,  50,  120,  53,  35,  110,  87
107, hitmonchan,  2,  0,  50,  105,  79,  35,  110,  76
108, lickitung,  1,  0,  90,  55,  75,  60,  75,  30
109, koffing,  4,  0,  40,  65,  95,  60,  45,  35
110, weezing,  4,  0,  65,  90,  120,  85,  70,  60
111, rhyhorn,  5,  6,  80,  85,  95,  30,  30,  25
112, rhydon,  5,  6,  105,  130,  120,  45,  45,  40
113, chansey,  1,  0,  250,  5,  5,  35,  105,  50
114, tangela,  12,  0,  65,  55,  115,  100,  40,  60
115, kangaskhan,  1,  0,  105,  95,  80,  40,  80,  90
116, horsea,  11,  0,  30,  40,  70,  70,  25,  60
117, seadra,  11,  0,  55,  65,  95,  95,  45,  85
118, goldeen,  11,  0,  45,  67,  60,  35,  50,  63
119, seaking,  11,  0,  80,  92,  65,  65,  80,  68
120, staryu,  11,  0,  30,  45,  55,  70,  55,  85
121, starmie,  11,  14,  60,  75,  85,  100,  85,  115
122, mr-mime,  14,  18,  40,  45,  65,  100,  120,  90
123, scyther,  7,  3,  70,  110,  80,  55,  80,  105
124, jynx,  15,  14,  65,  50,  35,  115,  95,  95
125, electabuzz,  13,  0,  65,  83,  57,  95,  85,  105
126, magmar,  10,  0,  65,  95,  57,  100,  85,  93
127, pinsir,  7,  0,  65,  125,  100,  55,  70,  85
128, tauros,  1,  0,  75,  100,  95,  40,  70,  110
129, magikarp,  11,  0,  20,  10,  55,  15,  20,  80
130, gyarados,  11,  3,  95,  125,  79,  60,  100,  81
131, lapras,  11,  15,  130,  85,  80,  85,  95,  60
132, ditto,  1,  0,  48,  48,  48,  48,  48,  48
133, eevee,  1,  0,  55,  55,  50,  45,  65,  55
134, vaporeon,  11,  0,  130,  65,  60,  110,  95,  65
135, jolteon,  13,  0,  65,  65,  60,  110,  95,  130
136, flareon,  10,  0,  65,  130,  60,  95,  110,  65
137, porygon,  1,  0,  65,  60,  70,  85,  75,  40
138, omanyte,  6,  11,  35,  40,  100,  90,  55,  35
139, omastar,  6,  11,  70,  60,  125,  115,  70,  55
140, kabuto,  6,  11,  30,  80,  90,  55,  45,  55
141, kabutops,  6,  11,  60,  115,  105,  65,  70,  80
142, aerodactyl,  6,  3,  80,  105,  65,  60,  75,  130
143, snorlax,  1,  0,  160,  110,  65,  65,  110,  30
144, articuno,  15,  3,  90,  85,  100,  95,  125,  85
145, zapdos,  13,  3,  90,  90,  85,  125,  90,  100
146, moltres,  10,  3,  90,  100,  90,  125,  85,  90
147, dratini,  16,  0,  41,  64,  45,  50,  50,  50
148, dragonair,  16,  0,  61,  84,  65,  70,  70,  70
149, dragonite,  16,  3,  91,  134,  95,  100,  100,  80
150, mewtwo,  14,  0,  106,  110,  90,  154,  90,  130
151, mew,  14,  0,  100,  100,  100,  100,  100,  100
152, chikorita,  12,  0,  45,  49,  65,  49,  65,  45
153, bayleef,  12,  0,  60,  62,  80,  63,  80,  60
154, meganium,  12,  0,  80,  82,  100,  83,  100,  80
155, cyndaquil,  10,  0,  39,  52,  43,  60,  50,  65
156, quilava,  10,  0,  58,  64,  58,  80,  65,  80
157, typhlosion,  10,  0,  78,  84,  78,  109,  85,  100
158, totodile,  11,  0,  50,  65,  64,  44,  48,  43
159, croconaw,  11,  0,  65,  80,  80,  59,  63,  58
160, feraligatr,  11,  0,  85,  105,  100,  79,  83,  78
161, sentret,  1,  0,  35,  46,  34,  35,  45,  20
162, furret,  1,  0,  85,  76,  64,  45,  55,  90
163, hoothoot,  1,  3,  60,  30,  30,  36,  56,  50
164, noctowl,  1,  3,  100,  50,  50,  76,  96,  70
165, ledyba,  7,  3,  40,  20,  30,  40,  80,  55
166, ledian,  7,  3,  55,  35,  50,  55,  110,  85
167, spinarak,  7,  4,  40,  60,  40,  40,  40,  30
168, ariados,  7,  4,  70,  90,  70,  60,  60,  40
169, crobat,  4,  3,  85,  90,  80,  70,  80,  130
170, chinchou,  11,  13,  75,  38,  38,  56,  56,  67
171, lanturn,  11,  13,  125,  58,  58,  76,  76,  67
172, pichu,  13,  0,  20,  40,  15,  35,  35,  60
173, cleffa,  18,  0,  50,  25,  28,  45,  55,  15
174, igglybuff,  1,  18,  90,  30,  15,  40,  20,  15
175, togepi,  18,  0,  35,  20,  65,  40,  65,  20
176, togetic,  18,  3,  55,  40,  85,  80,  105,  40
177, natu,  14,  3,  40,  50,  45,  70,  45,  70
178, xatu,  14,  3,  65,  75,  70,  95,  70,  95
179, mareep,  13,  0,  55,  40,  40,  65,  45,  35
180, flaaffy,  13,  0,  70,  55,  55,  80,  60,  45
181, ampharos,  13,  0,  90,  75,  85,  115,  90,  55
182, bellossom,  12,  0,  75,  80,  95,  90,  100,  50
183, marill,  11,  18,  70,  20,  50,  20,  50,  40
184, azumarill,  11,  18,  100,  50,  80,  60,  80,  50
185, sudowoodo,  6,  0,  70,  100,  115,  30,  65,  30
186, politoed,  11,  0,  90,  75,  75,  90,  100,  70
187, hoppip,  12,  3,  35,  35,  40,  35,  55,  50
188, skiploom,  12,  3,  55,  45,  50,  45,  65,  80
189, jumpluff,  12,  3,  75,  55,  70,  55,  95,  110
190, aipom,  1,  0,  55,  70,  55,  40,  55,  85
191, sunkern,  12,  0,  30,  30,  30,  30,  30,  30
192, sunflora,  12,  0,  75,  75,  55,  105,  85,  30
193, yanma,  7,  3,  65,  65,  45,  75,  45,  95
194, wooper,  11,  5,  55,  45,  45,  25,  25,  15
195, quagsire,  11,  5,  95,  85,  85,  65,  65,  35
196, espeon,  14,  0,  65,  65,  60,  130,  95,  110
197, umbreon,  17,  0,  95,  65,  110,  60,  130,  65
198, murkrow,  17,  3,  60,  85,  42,  85,  42,  91
199, slowking,  11,  14,  95,  75,  80,  100,  110,  30
200, misdreavus,  8,  0,  60,  60,  60,  85,  85,  85
201, unown,  14,  0,  48,  72,  48,  72,  48,  48
202, wobbuffet,  14,  0,  190,  33,  58,  33,  58,  33
203, girafarig,  1,  14,  70,  80,  65,  90,  65,  85
204, pineco,  7,  0,  50,  65,  90,  35,  35,  15
205, forretress,  7,  9,  75,  90,  140,  60,  60,  40
206, dunsparce,  1,  0,  100,  70,  70,  65,  65,  45
207, gligar,  5,  3,  65,  75,  105,  35,  65,  85
208, steelix,  9,  5,  75,  85,  200,  55,  65,  30
209, snubbull,  18,  0,  60,  80,  50,  40,  40,  30
210, granbull,  18,  0,  90,  120,  75,  60,  60,  45
211, qwilfish,  11,  4,  65,  95,  75,  55,  55,  85
212, scizor,  7,  9,  70,  130,  100,  55,  80,  65
213, shuckle,  7,  6,  20,  10,  230,  10,  230,  5
214, heracross,  7,  2,  80,  125,  75,  40,  95,  85
215, sneasel,  17,  15,  55,  95,  55,  35,  75,  115
216, teddiursa,  1,  0,  60,  80,  50,  50,  50,  40
217, ursaring,  1,  0,  90,  130,  75,  75,  75,  55
218, slugma,  10,  0,  40,  40,  40,  70,  40,  20
219, magcargo,  10,  6,  50,  50,  120,  80,  80,  30
220, swinub,  15,  5,  50,  50,  40,  30,  30,  50
221, piloswine,  15,  5,  100,  100,  80,  60,  60,  50
222, corsola,  11,  6,  55,  55,  85,  65,  85,  35
223, remoraid,  11,  0,  35,  65,  35,  65,  35,  65
224, octillery,  11,  0,  75,  105,  75,  105,  75,  45
225, delibird,  15,  3,  45,  55,  45,  65,  45,  75
226, mantine,  11,  3,  65,  40,  70,  80,  140,  70
227, skarmory,  9,  3,  65,  80,  140,  40,  70,  70
228, houndour,  17,  10,  45,  60,  30,  80,  50,  65
229, houndoom,  17,  10,  75,  90,  50,  110,  80,  95
230, kingdra,  11,  16,  75,  95,  95,  95,  95,  85
231, phanpy,  5,  0,  90,  60,  60,  40,  40,  40
232, donphan,  5,  0,  90,  120,  120,  60,  60,  50
233, porygon2,  1,  0,  85,  80,  90,  105,  95,  60
234, stantler,  1,  0,  73,  95,  62,  85,  65,  85
235, smeargle,  1,  0,  55,  20,  35,  20,  45,  75
236, tyrogue,  2,  0,  35,  35,  35,  35,  35,  35
237, hitmontop,  2,  0,  50,  95,  95,  35,  110,  70
238, smoochum,  15,  14,  45,  30,  15,  85,  65,  65
239, elekid,  13,  0,  45,  63,  37,  65,  55,  95
240, magby,  10,  0,  45,  75,  37,  70,  55,  83
241, miltank,  1,  0,  95,  80,  105,  40,  70,  100
242, blissey,  1,  0,  255,  10,  10,  75,  135,  55
243, raikou,  13,  0,  90,  85,  75,  115,  100,  115
244, entei,  10,  0,  115,  115,  85,  90,  75,  100
245, suicune,  11,  0,  100,  75,  115,  90,  115,  85
246, larvitar,  6,  5,  50,  64,  50,  45,  50,  41
247, pupitar,  6,  5,  70,  84,  70,  65,  70,  51
248, tyranitar,  6,  17,  100,  134,  110,  95,  100,  61
249, lugia,  14,  3,  106,  90,  130,  90,  154,  110
250, ho-oh,  10,  3,  106,  130,  90,  110,  154,  90
251, celebi,  14,  12,  100,  100,  100,  100,  100,  100
252, treecko,  12,  0,  40,  45,  35,  65,  55,  70
253, grovyle,  12,  0,  50,  65,  45,  85,  65,  95
254, sceptile,  12,  0,  70,  85,  65,  105,  85,  120
255, torchic,  10,  0,  45,  60,  40,  70,  50,  45
256, combusken,  10,  2,  60,  85,  60,  85,  60,  55
257, blaziken,  10,  2,  80,  120,  70,  110,  70,  80
258, mudkip,  11,  0,  50,  70,  50,  50,  50,  40
259, marshtomp,  11,  5,  70,  85,  70,  60,  70,  50
260, swampert,  11,  5,  100,  110,  90,  85,  90,  60
261, poochyena,  17,  0,  35,  55,  35,  30,  30,  35
262, mightyena,  17,  0,  70,  90,  70,  60,  60,  70
263, zigzagoon,  1,  0,  38,  30,  41,  30,  41,  60
264, linoone,  1,  0,  78,  70,  61,  50,  61,  100
265, wurmple,  7,  0,  45,  45,  35,  20,  30,  20
266, silcoon,  7,  0,  50,  35,  55,  25,  25,  15
267, beautifly,  7,  3,  60,  70,  50,  100,  50,  65
268, cascoon,  7,  0,  50,  35,  55,  25,  25,  15
269, dustox,  7,  4,  60,  50,  70,  50,  90,  65
270, lotad,  11,  12,  40,  30,  30,  40,  50,  30
271, lombre,  11,  12,  60,  50,  50,  60,  70,  50
272, ludicolo,  11,  12,  80,  70,  70,  90,  100,  70
273, seedot,  12,  0,  40,  40,  50,  30,  30,  30
274, nuzleaf,  12,  17,  70,  70,  40,  60,  40,  60
275, shiftry,  12,  17,  90,  100,  60,  90,  60,  80
276, taillow,  1,  3,  40,  55,  30,  30,  30,  85
277, swellow,  1,  3,  60,  85,  60,  50,  50,  125
278, wingull,  11,  3,  40,  30,  30,  55,  30,  85
279, pelipper,  11,  3,  60,  50,  100,  85,  70,  65
280, ralts,  14,  18,  28,  25,  25,  45,  35,  40
281, kirlia,  14,  18,  38,  35,  35,  65,  55,  50
282, gardevoir,  14,  18,  68,  65,  65,  125,  115,  80
283, surskit,  7,  11,  40,  30,  32,  50,  52,  65
284, masquerain,  7,  3,  70,  60,  62,  80,  82,  60
285, shroomish,  12,  0,  60,  40,  60,  40,  60,  35
286, breloom,  12,  2,  60,  130,  80,  60,  60,  70
287, slakoth,  1,  0,  60,  60,  60,  35,  35,  30
288, vigoroth,  1,  0,  80,  80,  80,  55,  55,  90
289, slaking,  1,  0,  150,  160,  100,  95,  65,  100
290, nincada,  7,  5,  31,  45,  90,  30,  30,  40
291, ninjask,  7,  3,  61,  90,  45,  50,  50,  160
292, shedinja,  7,  8,  1,  90,  45,  30,  30,  40
293, whismur,  1,  0,  64,  51,  23,  51,  23,  28
294, loudred,  1,  0,  84,  71,  43,  71,  43,  48
295, exploud,  1,  0,  104,  91,  63,  91,  73,  68
296, makuhita,  2,  0,  72,  60,  30,  20,  30,  25
297, hariyama,  2,  0,  144,  120,  60,  40,  60,  50
298, azurill,  1,  18,  50,  20,  40,  20,  40,  20
299, nosepass,  6,  0,  30,  45,  135,  45,  90,  30
300, skitty,  1,  0,  50,  45,  45,  35,  35,  50
301, delcatty,  1,  0,  70,  65,  65,  55,  55,  70
302, sableye,  17,  8,  50,  75,  75,  65,  65,  50
303, mawile,  9,  18,  50,  85,  85,  55,  55,  50
304, aron,  9,  6,  50,  70,  100,  40,  40,  30
305, lairon,  9,  6,  60,  90,  140,  50,  50,  40
306, aggron,  9,  6,  70,  110,  180,  60,  60,  50
307, meditite,  2,  14,  30,  40,  55,  40,  55,  60
308, medicham,  2,  14,  60,  60,  75,  60,  75,  80
309, electrike,  13,  0,  40,  45,  40,  65,  40,  65
310, manectric,  13,  0,  70,  75,  60,  105,  60,  105
311, plusle,  13,  0,  60,  50,  40,  85,  75,  95
312, minun,  13,  0,  60,  40,  50,  75,  85,  95
313, volbeat,  7,  0,  65,  73,  55,  47,  75,  85
314, illumise,  7,  0,  65,  47,  55,  73,  75,  85
315, roselia,  12,  4,  50,  60,  45,  100,  80,  65
316, gulpin,  4,  0,  70,  43,  53,  43,  53,  40
317, swalot,  4,  0,  100,  73,  83,  73,  83,  55
318, carvanha,  11,  17,  45,  90,  20,  65,  20,  65
319, sharpedo,  11,  17,  70,  120,  40,  95,  40,  95
320, wailmer,  11,  0,  130,  70,  35,  70,  35,  60
321, wailord,  11,  0,  170,  90,  45,  90,  45,  60
322, numel,  10,  5,  60,  60,  40,  65,  45,  35
323, camerupt,  10,  5,  70,  100,  70,  105,  75,  40
324, torkoal,  10,  0,  70,  85,  140,  85,  70,  20
325, spoink,  14,  0,  60,  25,  35,  70,  80,  60
326, grumpig,  14,  0,  80,  45,  65,  90,  110,  80
327, spinda,  1,  0,  60,  60,  60,  60,  60,  60
328, trapinch,  5,  0,  45,  100,  45,  45,  45,  10
329, vibrava,  5,  16,  50,  70,  50,  50,  50,  70
330, flygon,  5,  16,  80,  100,  80,  80,  80,  100
331, cacnea,  12,  0,  50,  85,  40,  85,  40,  35
332, cacturne,  12,  17,  70,  115,  60,  115,  60,  55
333, swablu,  1,  3,  45,  40,  60,  40,  75,  50
334, altaria,  16,  3,  75,  70,  90,  70,  105,  80
335, zangoose,  1,  0,  73,  115,  60,  60,  60,  90
336, seviper,  4,  0,  73,  100,  60,  100,  60,  65
337, lunatone,  6,  14,  70,  55,  65,  95,  85,  70
338, solrock,  6,  14,  70,  95,  85,  55,  65,  70
339, barboach,  11,  5,  50,  48,  43,  46,  41,  60
340, whiscash,  11,  5,  110,  78,  73,  76,  71,  60
341, corphish,  11,  0,  43,  80,  65,  50,  35,  35
342, crawdaunt,  11,  17,  63,  120,  85,  90,  55,  55
343, baltoy,  5,  14,  40,  40,  55,  40,  70,  55
344, claydol,  5,  14,  60,  70,  105,  70,  120,  75
345, lileep,  6,  12,  66,  41,  77,  61,  87,  23
346, cradily,  6,  12,  86,  81,  97,  81,  107,  43
347, anorith,  6,  7,  45,  95,  50,  40,  50,  75
348, armaldo,  6,  7,  75,  125,  100,  70,  80,  45
349, feebas,  11,  0,  20,  15,  20,  10,  55,  80
350, milotic,  11,  0,  95,  60,  79,  100,  125,  81
351, castform,  1,  0,  70,  70,  70,  70,  70,  70
352, kecleon,  1,  0,  60,  90,  70,  60,  120,  40
353, shuppet,  8,  0,  44,  75,  35,  63,  33,  45
354, banette,  8,  0,  64,  115,  65,  83,  63,  65
355, duskull,  8,  0,  20,  40,  90,  30,  90,  25
356, dusclops,  8,  0,  40,  70,  130,  60,  130,  25
357, tropius,  12,  3,  99,  68,  83,  72,  87,  51
358, chimecho,  14,  0,  65,  50,  70,  95,  80,  65
359, absol,  17,  0,  65,  130,  60,  75,  60,  75
360, wynaut,  14,  0,  95,  23,  48,  23,  48,  23
361, snorunt,  15,  0,  50,  50,  50,  50,  50,  50
362, glalie,  15,  0,  80,  80,  80,  80,  80,  80
363, spheal,  15,  11,  70,  40,  50,  55,  50,  25
364, sealeo,  15,  11,  90,  60,  70,  75,  70,  45
365, walrein,  15,  11,  110,  80,  90,  95,  90,  65
366, clamperl,  11,  0,  35,  64,  85,  74,  55,  32
367, huntail,  11,  0,  55,  104,  105,  94,  75,  52
368, gorebyss,  11,  0,  55,  84,  105,  114,  75,  52
369, relicanth,  11,  6,  100,  90,  130,  45,  65,  55
370, luvdisc,  11,  0,  43,  30,  55,  40,  65,  97
371, bagon,  16,  0,  45,  75,  60,  40,  30,  50
372, shelgon,  16,  0,  65,  95,  100,  60,  50,  50
373, salamence,  16,  3,  95,  135,  80,  110,  80,  100
374, beldum,  9,  14,  40,  55,  80,  35,  60,  30
375, metang,  9,  14,  60,  75,  100,  55,  80,  50
376, metagross,  9,  14,  80,  135,  130,  95,  90,  70
377, regirock,  6,  0,  80,  100,  200,  50,  100,  50
378, regice,  15,  0,  80,  50,  100,  100,  200,  50
379, registeel,  9,  0,  80,  75,  150,  75,  150,  50
380, latias,  16,  14,  80,  80,  90,  110,  130,  110
381, latios,  16,  14,  80,  90,  80,  130,  110,  110
382, kyogre,  11,  0,  100,  100,  90,  150,  140,  90
383, groudon,  5,  0,  100,  150,  140,  100,  90,  90
384, rayquaza,  16,  3,  105,  150,  90,  150,  90,  95
385, jirachi,  9,  14,  100,  100,  100,  100,  100,  100
386, deoxys,  14,  0,  50,  150,  50,  150,  50,  150
387, turtwig,  12,  0,  55,  68,  64,  45,  55,  31
388, grotle,  12,  0,  75,  89,  85,  55,  65,  36
389, torterra,  12,  5,  95,  109,  105,  75,  85,  56
390, chimchar,  10,  0,  44,  58,  44,  58,  44,  61
391, monferno,  10,  2,  64,  78,  52,  78,  52,  81
392, infernape,  10,  2,  76,  104,  71,  104,  71,  108
393, piplup,  11,  0,  53,  51,  53,  61,  56,  40
394, prinplup,  11,  0,  64,  66,  68,  81,  76,  50
395, empoleon,  11,  9,  84,  86,  88,  111,  101,  60
396, starly,  1,  3,  40,  55,  30,  30,  30,  60
397, staravia,  1,  3,  55,  75,  50,  40,  40,  80
398, staraptor,  1,  3,  85,  120,  70,  50,  60,  100
399, bidoof,  1,  0,  59,  45,  40,  35,  40,  31
400, bibarel,  1,  11,  79,  85,  60,  55,  60,  71
401, kricketot,  7,  0,  37,  25,  41,  25,  41,  25
402, kricketune,  7,  0,  77,  85,  51,  55,  51,  65
403, shinx,  13,  0,  45,  65,  34,  40,  34,  45
404, luxio,  13,  0,  60,  85,  49,  60,  49,  60
405, luxray,  13,  0,  80,  120,  79,  95,  79,  70
406, budew,  12,  4,  40,  30,  35,  50,  70,  55
407, roserade,  12,  4,  60,  70,  65,  125,  105,  90
408, cranidos,  6,  0,  67,  125,  40,  30,  30,  58
409, rampardos,  6,  0,  97,  165,  60,  65,  50,  58
410, shieldon,  6,  9,  30,  42,  118,  42,  88,  30
411, bastiodon,  6,  9,  60,  52,  168,  47,  138,  30
412, burmy,  7,  0,  40,  29,  45,  29,  45,  36
413, wormadam-plant,  7,  12,  60,  59,  85,  79,  105,  36
414, mothim,  7,  3,  70,  94,  50,  94,  50,  66
415, combee,  7,  3,  30,  30,  42,  30,  42,  70
416, vespiquen,  7,  3,  70,  80,  102,  80,  102,  40
417, pachirisu,  13,  0,  60,  45,  70,  45,  90,  95
418, buizel,  11,  0,  55,  65,  35,  60,  30,  85
419, floatzel,  11,  0,  85,  105,  55,  85,  50,  115
420, cherubi,  12,  0,  45,  35,  45,  62,  53,  35
421, cherrim,  12,  0,  70,  60,  70,  87,  78,  85
422, shellos,  11,  0,  76,  48,  48,  57,  62,  34
423, gastrodon,  11,  5,  111,  83,  68,  92,  82,  39
424, ambipom,  1,  0,  75,  100,  66,  60,  66,  115
425, drifloon,  8,  3,  90,  50,  34,  60,  44,  70
426, drifblim,  8,  3,  150,  80,  44,  90,  54,  80
427, buneary,  1,  0,  55,  66,  44,  44,  56,  85
428, lopunny,  1,  0,  65,  76,  84,  54,  96,  105
429, mismagius,  8,  0,  60,  60,  60,  105,  105,  105
430, honchkrow,  17,  3,  100,  125,  52,  105,  52,  71
431, glameow,  1,  0,  49,  55,  42,  42,  37,  85
432, purugly,  1,  0,  71,  82,  64,  64,  59,  112
433, chingling,  14,  0,  45,  30,  50,  65,  50,  45
434, stunky,  4,  17,  63,  63,  47,  41,  41,  74
435, skuntank,  4,  17,  103,  93,  67,  71,  61,  84
436, bronzor,  9,  14,  57,  24,  86,  24,  86,  23
437, bronzong,  9,  14,  67,  89,  116,  79,  116,  33
438, bonsly,  6,  0,  50,  80,  95,  10,  45,  10
439, mime-jr,  14,  18,  20,  25,  45,  70,  90,  60
440, happiny,  1,  0,  100,  5,  5,  15,  65,  30
441, chatot,  1,  3,  76,  65,  45,  92,  42,  91
442, spiritomb,  8,  17,  50,  92,  108,  92,  108,  35
443, gible,  16,  5,  58,  70,  45,  40,  45,  42
444, gabite,  16,  5,  68,  90,  65,  50,  55,  82
445, garchomp,  16,  5,  108,  130,  95,  80,  85,  102
446, munchlax,  1,  0,  135,  85,  40,  40,  85,  5
447, riolu,  2,  0,  40,  70,  40,  35,  40,  60
448, lucario,  2,  9,  70,  110,  70,  115,  70,  90
449, hippopotas,  5,  0,  68,  72,  78,  38,  42,  32
450, hippowdon,  5,  0,  108,  112,  118,  68,  72,  47
451, skorupi,  4,  7,  40,  50,  90,  30,  55,  65
452, drapion,  4,  17,  70,  90,  110,  60,  75,  95
453, croagunk,  4,  2,  48,  61,  40,  61,  40,  50
454, toxicroak,  4,  2,  83,  106,  65,  86,  65,  85
455, carnivine,  12,  0,  74,  100,  72,  90,  72,  46
456, finneon,  11,  0,  49,  49,  56,  49,  61,  66
457, lumineon,  11,  0,  69,  69,  76,  69,  86,  91
458, mantyke,  11,  3,  45,  20,  50,  60,  120,  50
459, snover,  12,  15,  60,  62,  50,  62,  60,  40
460, abomasnow,  12,  15,  90,  92,  75,  92,  85,  60
461, weavile,  17,  15,  70,  120,  65,  45,  85,  125
462, magnezone,  13,  9,  70,  70,  115,  130,  90,  60
463, lickilicky,  1,  0,  110,  85,  95,  80,  95,  50
464, rhyperior,  5,  6,  115,  140,  130,  55,  55,  40
465, tangrowth,  12,  0,  100,  100,  125,  110,  50,  50
466, electivire,  13,  0,  75,  123,  67,  95,  85,  95
467, magmortar,  10,  0,  75,  95,  67,  125,  95,  83
468, togekiss,  18,  3,  85,  50,  95,  120,  115,  80
469, yanmega,  7,  3,  86,  76,  86,  116,  56,  95
470, leafeon,  12,  0,  65,  110,  130,  60,  65,  95
471, glaceon,  15,  0,  65,  60,  110,  130,  95,  65
472, gliscor,  5,  3,  75,  95,  125,  45,  75,  95
473, mamoswine,  15,  5,  110,  130,  80,  70,  60,  80
474, porygon-z,  1,  0,  85,  80,  70,  135,  75,  90
475, gallade,  14,  2,  68,  125,  65,  65,  115,  80
476, probopass,  6,  9,  60,  55,  145,  75,  150,  40
477, dusknoir,  8,  0,  45,  100,  135,  65,  135,  45
478, froslass,  15,  8,  70,  80,  70,  80,  70,  110
479, rotom,  13,  8,  50,  50,  77,  95,  77,  91
480, uxie,  14,  0,  75,  75,  130,  75,  130,  95
481, mesprit,  14,  0,  80,  105,  105,  105,  105,  80
482, azelf,  14,  0,  75,  125,  70,  125,  70,  115
483, dialga,  9,  16,  100,  120,  120,  150,  100,  90
484, palkia,  11,  16,  90,  120,  100,  150,  120,  100
485, heatran,  10,  9,  91,  90,  106,  130,  106,  77
486, regigigas,  1,  0,  110,  160,  110,  80,  110,  100
487, giratina,  8,  16,  150,  100,  120,  100,  120,  90
488, cresselia,  14,  0,  120,  70,  120,  75,  130,  85
489, phione,  11,  0,  80,  80,  80,  80,  80,  80
490, manaphy,  11,  0,  100,  100,  100,  100,  100,  100
491, darkrai,  17,  0,  70,  90,  90,  135,  90,  125
492, shaymin,  12,  0,  100,  100,  100,  100,  100,  100
493, arceus,  1,  0,  120,  120,  120,  120,  120,  120
494, victini,  14,  10,  100,  100,  100,  100,  100,  100
495, snivy,  12,  0,  45,  45,  55,  45,  55,  63
496, servine,  12,  0,  60,  60,  75,  60,  75,  83
497, serperior,  12,  0,  75,  75,  95,  75,  95,  113
498, tepig,  10,  0,  65,  63,  45,  45,  45,  45
499, pignite,  10,  2,  90,  93,  55,  70,  55,  55
500, emboar,  10,  2,  110,  123,  65,  100,  65,  65
501, oshawott,  11,  0,  55,  55,  45,  63,  45,  45
502, dewott,  11,  0,  75,  75,  60,  83,  60,  60
503, samurott,  11,  0,  95,  100,  85,  108,  70,  70
504, patrat,  1,  0,  45,  55,  39,  35,  39,  42
505, watchog,  1,  0,  60,  85,  69,  60,  69,  77
506, lillipup,  1,  0,  45,  60,  45,  25,  45,  55
507, herdier,  1,  0,  65,  80,  65,  35,  65,  60
508, stoutland,  1,  0,  85,  110,  90,  45,  90,  80
509, purrloin,  17,  0,  41,  50,  37,  50,  37,  66
510, liepard,  17,  0,  64,  88,  50,  88,  50,  106
511, pansage,  12,  0,  50,  53,  48,  53,  48,  64
512, simisage,  12,  0,  75,  98,  63,  98,  63,  101
513, pansear,  10,  0,  50,  53,  48,  53,  48,  64
514, simisear,  10,  0,  75,  98,  63,  98,  63,  101
515, panpour,  11,  0,  50,  53,  48,  53,  48,  64
516, simipour,  11,  0,  75,  98,  63,  98,  63,  101
517, munna,  14,  0,  76,  25,  45,  67,  55,  24
518, musharna,  14,  0,  116,  55,  85,  107,  95,  29
519, pidove,  1,  3,  50,  55,  50,  36,  30,  43
520, tranquill,  1,  3,  62,  77,  62,  50,  42,  65
521, unfezant,  1,  3,  80,  115,  80,  65,  55,  93
522, blitzle,  13,  0,  45,  60,  32,  50,  32,  76
523, zebstrika,  13,  0,  75,  100,  63,  80,  63,  116
524, roggenrola,  6,  0,  55,  75,  85,  25,  25,  15
525, boldore,  6,  0,  70,  105,  105,  50,  40,  20
526, gigalith,  6,  0,  85,  135,  130,  60,  80,  25
527, woobat,  14,  3,  55,  45,  43,  55,  43,  72
528, swoobat,  14,  3,  67,  57,  55,  77,  55,  114
529, drilbur,  5,  0,  60,  85,  40,  30,  45,  68
530, excadrill,  5,  9,  110,  135,  60,  50,  65,  88
531, audino,  1,  0,  103,  60,  86,  60,  86,  50
532, timburr,  2,  0,  75,  80,  55,  25,  35,  35
533, gurdurr,  2,  0,  85,  105,  85,  40,  50,  40
534, conkeldurr,  2,  0,  105,  140,  95,  55,  65,  45
535, tympole,  11,  0,  50,  50,  40,  50,  40,  64
536, palpitoad,  11,  5,  75,  65,  55,  65,  55,  69
537, seismitoad,  11,  5,  105,  95,  75,  85,  75,  74
538, throh,  2,  0,  120,  100,  85,  30,  85,  45
539, sawk,  2,  0,  75,  125,  75,  30,  75,  85
540, sewaddle,  7,  12,  45,  53,  70,  40,  60,  42
541, swadloon,  7,  12,  55,  63,  90,  50,  80,  42
542, leavanny,  7,  12,  75,  103,  80,  70,  80,  92
543, venipede,  7,  4,  30,  45,  59,  30,  39,  57
544, whirlipede,  7,  4,  40,  55,  99,  40,  79,  47
545, scolipede,  7,  4,  60,  100,  89,  55,  69,  112
546, cottonee,  12,  18,  40,  27,  60,  37,  50,  66
547, whimsicott,  12,  18,  60,  67,  85,  77,  75,  116
548, petilil,  12,  0,  45,  35,  50,  70,  50,  30
549, lilligant,  12,  0,  70,  60,  75,  110,  75,  90
550, basculin,  11,  0,  70,  92,  65,  80,  55,  98
551, sandile,  5,  17,  50,  72,  35,  35,  35,  65
552, krokorok,  5,  17,  60,  82,  45,  45,  45,  74
553, krookodile,  5,  17,  95,  117,  80,  65,  70,  92
554, darumaka,  10,  0,  70,  90,  45,  15,  45,  50
555, darmanitan-standard,  10,  0,  105,  140,  55,  30,  55,  95
556, maractus,  12,  0,  75,  86,  67,  106,  67,  60
557, dwebble,  7,  6,  50,  65,  85,  35,  35,  55
558, crustle,  7,  6,  70,  95,  125,  65,  75,  45
559, scraggy,  17,  2,  50,  75,  70,  35,  70,  48
560, scrafty,  17,  2,  65,  90,  115,  45,  115,  58
561, sigilyph,  14,  3,  72,  58,  80,  103,  80,  97
562, yamask,  8,  0,  38,  30,  85,  55,  65,  30
563, cofagrigus,  8,  0,  58,  50,  145,  95,  105,  30
564, tirtouga,  11,  6,  54,  78,  103,  53,  45,  22
565, carracosta,  11,  6,  74,  108,  133,  83,  65,  32
566, archen,  6,  3,  55,  112,  45,  74,  45,  70
567, archeops,  6,  3,  75,  140,  65,  112,  65,  110
568, trubbish,  4,  0,  50,  50,  62,  40,  62,  65
569, garbodor,  4,  0,  80,  95,  82,  60,  82,  75
570, zorua,  17,  0,  40,  65,  40,  80,  40,  65
571, zoroark,  17,  0,  60,  105,  60,  120,  60,  105
572, minccino,  1,  0,  55,  50,  40,  40,  40,  75
573, cinccino,  1,  0,  75,  95,  60,  65,  60,  115
574, gothita,  14,  0,  45,  30,  50,  55,  65,  45
575, gothorita,  14,  0,  60,  45,  70,  75,  85,  55
576, gothitelle,  14,  0,  70,  55,  95,  95,  110,  65
577, solosis,  14,  0,  45,  30,  40,  105,  50,  20
578, duosion,  14,  0,  65,  40,  50,  125,  60,  30
579, reuniclus,  14,  0,  110,  65,  75,  125,  85,  30
580, ducklett,  11,  3,  62,  44,  50,  44,  50,  55
581, swanna,  11,  3,  75,  87,  63,  87,  63,  98
582, vanillite,  15,  0,  36,  50,  50,  65,  60,  44
583, vanillish,  15,  0,  51,  65,  65,  80,  75,  59
584, vanilluxe,  15,  0,  71,  95,  85,  110,  95,  79
585, deerling,  1,  12,  60,  60,  50,  40,  50,  75
586, sawsbuck,  1,  12,  80,  100,  70,  60,  70,  95
587, emolga,  13,  3,  55,  75,  60,  75,  60,  103
588, karrablast,  7,  0,  50,  75,  45,  40,  45,  60
589, escavalier,  7,  9,  70,  135,  105,  60,  105,  20
590, foongus,  12,  4,  69,  55,  45,  55,  55,  15
591, amoonguss,  12,  4,  114,  85,  70,  85,  80,  30
592, frillish,  11,  8,  55,  40,  50,  65,  85,  40
593, jellicent,  11,  8,  100,  60,  70,  85,  105,  60
594, alomomola,  11,  0,  165,  75,  80,  40,  45,  65
595, joltik,  7,  13,  50,  47,  50,  57,  50,  65
596, galvantula,  7,  13,  70,  77,  60,  97,  60,  108
597, ferroseed,  12,  9,  44,  50,  91,  24,  86,  10
598, ferrothorn,  12,  9,  74,  94,  131,  54,  116,  20
599, klink,  9,  0,  40,  55,  70,  45,  60,  30
600, klang,  9,  0,  60,  80,  95,  70,  85,  50
601, klinklang,  9,  0,  60,  100,  115,  70,  85,  90
602, tynamo,  13,  0,  35,  55,  40,  45,  40,  60
603, eelektrik,  13,  0,  65,  85,  70,  75,  70,  40
604, eelektross,  13,  0,  85,  115,  80,  105,  80,  50
605, elgyem,  14,  0,  55,  55,  55,  85,  55,  30
606, beheeyem,  14,  0,  75,  75,  75,  125,  95,  40
607, litwick,  8,  10,  50,  30,  55,  65,  55,  20
608, lampent,  8,  10,  60,  40,  60,  95,  60,  55
609, chandelure,  8,  10,  60,  55,  90,  145,  90,  80
610, axew,  16,  0,  46,  87,  60,  30,  40,  57
611, fraxure,  16,  0,  66,  117,  70,  40,  50,  67
612, haxorus,  16,  0,  76,  147,  90,  60,  70,  97
613, cubchoo,  15,  0,  55,  70,  40,  60,  40,  40
614, beartic,  15,  0,  95,  110,  80,  70,  80,  50
615, cryogonal,  15,  0,  70,  50,  30,  95,  135,  105
616, shelmet,  7,  0,  50,  40,  85,  40,  65,  25
617, accelgor,  7,  0,  80,  70,  40,  100,  60,  145
618, stunfisk,  5,  13,  109,  66,  84,  81,  99,  32
619, mienfoo,  2,  0,  45,  85,  50,  55,  50,  65
620, mienshao,  2,  0,  65,  125,  60,  95,  60,  105
621, druddigon,  16,  0,  77,  120,  90,  60,  90,  48
622, golett,  5,  8,  59,  74,  50,  35,  50,  35
623, golurk,  5,  8,  89,  124,  80,  55,  80,  55
624, pawniard,  17,  9,  45,  85,  70,  40,  40,  60
625, bisharp,  17,  9,  65,  125,  100,  60,  70,  70
626, bouffalant,  1,  0,  95,  110,  95,  40,  95,  55
627, rufflet,  1,  3,  70,  83,  50,  37,  50,  60
628, braviary,  1,  3,  100,  123,  75,  57,  75,  80
629, vullaby,  17,  3,  70,  55,  75,  45,  65,  60
630, mandibuzz,  17,  3,  110,  65,  105,  55,  95,  80
631, heatmor,  10,  0,  85,  97,  66,  105,  66,  65
632, durant,  7,  9,  58,  109,  112,  48,  48,  109
633, deino,  17,  16,  52,  65,  50,  45,  50,  38
634, zweilous,  17,  16,  72,  85,  70,  65,  70,  58
635, hydreigon,  17,  16,  92,  105,  90,  125,  90,  98
636, larvesta,  7,  10,  55,  85,  55,  50,  55,  60
637, volcarona,  7,  10,  85,  60,  65,  135,  105,  100
638, cobalion,  9,  2,  91,  90,  129,  90,  72,  108
639, terrakion,  6,  2,  91,  129,  90,  72,  90,  108
640, virizion,  12,  2,  91,  90,  72,  90,  129,  108
641, tornadus,  3,  0,  79,  115,  70,  125,  80,  111
642, thundurus,  13,  3,  79,  115,  70,  125,  80,  111
643, reshiram,  16,  10,  100,  120,  100,  150,  120,  90
644, zekrom,  16,  13,  100,  150,  120,  120,  100,  90
645, landorus,  5,  3,  89,  125,  90,  115,  80,  101
646, kyurem,  16,  15,  125,  130,  90,  130,  90,  95
647, keldeo,  11,  2,  91,  72,  90,  129,  90,  108
648, meloetta,  1,  14,  100,  77,  77,  128,  128,  90
649, genesect,  7,  9,  71,  120,  95,  120,  95,  99
650, chespin,  12,  0,  56,  61,  65,  48,  45,  38
651, quilladin,  12,  0,  61,  78,  95,  56,  58,  57
652, chesnaught,  12,  2,  88,  107,  122,  74,  75,  64
653, fennekin,  10,  0,  40,  45,  40,  62,  60,  60
654, braixen,  10,  0,  59,  59,  58,  90,  70,  73
655, delphox,  10,  14,  75,  69,  72,  114,  100,  104
656, froakie,  11,  0,  41,  56,  40,  62,  44,  71
657, frogadier,  11,  0,  54,  63,  52,  83,  56,  97
658, greninja,  11,  17,  72,  95,  67,  103,  71,  122
659, bunnelby,  1,  0,  38,  36,  38,  32,  36,  57
660, diggersby,  1,  5,  85,  56,  77,  50,  77,  78
661, fletchling,  1,  3,  45,  50,  43,  40,  38,  62
662, fletchinder,  10,  3,  62,  73,  55,  56,  52,  84
663, talonflame,  10,  3,  78,  81,  71,  74,  69,  126
664, scatterbug,  7,  0,  38,  35,  40,  27,  25,  35
665, spewpa,  7,  0,  45,  22,  60,  27,  30,  29
666, vivillon,  7,  3,  80,  52,  50,  90,  50,  89
667, litleo,  10,  1,  62,  50,  58,  73,  54,  72
668, pyroar,  10,  1,  86,  68,  72,  109,  66,  106
669, flabebe,  18,  0,  44,  38,  39,  61,  79,  42
670, floette,  18,  0,  54,  45,  47,  75,  98,  52
671, florges,  18,  0,  78,  65,  68,  112,  154,  75
672, skiddo,  12,  0,  66,  65,  48,  62,  57,  52
673, gogoat,  12,  0,  123,  100,  62,  97,  81,  68
674, pancham,  2,  0,  67,  82,  62,  46,  48,  43
675, pangoro,  2,  17,  95,  124,  78,  69,  71,  58
676, furfrou,  1,  0,  75,  80,  60,  65,  90,  102
677, espurr,  14,  0,  62,  48,  54,  63,  60,  68
678, meowstic,  14,  0,  74,  48,  76,  83,  81,  104
679, honedge,  9,  8,  45,  80,  100,  35,  37,  28
680, doublade,  9,  8,  59,  110,  150,  45,  49,  35
681, aegislash,  9,  8,  60,  50,  150,  50,  150,  60
682, spritzee,  18,  0,  78,  52,  60,  63,  65,  23
683, aromatisse,  18,  0,  101,  72,  72,  99,  89,  29
684, swirlix,  18,  0,  62,  48,  66,  59,  57,  49
685, slurpuff,  18,  0,  82,  80,  86,  85,  75,  72
686, inkay,  17,  14,  53,  54,  53,  37,  46,  45
687, malamar,  17,  14,  86,  92,  88,  68,  75,  73
688, binacle,  6,  11,  42,  52,  67,  39,  56,  50
689, barbaracle,  6,  11,  72,  105,  115,  54,  86,  68
690, skrelp,  4,  11,  50,  60,  60,  60,  60,  30
691, dragalge,  4,  16,  65,  75,  90,  97,  123,  44
692, clauncher,  11,  0,  50,  53,  62,  58,  63,  44
693, clawitzer,  11,  0,  71,  73,  88,  120,  89,  59
694, helioptile,  13,  1,  44,  38,  33,  61,  43,  70
695, heliolisk,  13,  1,  62,  55,  52,  109,  94,  109
696, tyrunt,  6,  16,  58,  89,  77,  45,  45,  48
697, tyrantrum,  6,  16,  82,  121,  119,  69,  59,  71
698, amaura,  6,  15,  77,  59,  50,  67,  63,  46
699, aurorus,  6,  15,  123,  77,  72,  99,  92,  58
700, sylveon,  18,  0,  95,  65,  65,  110,  130,  60
701, hawlucha,  2,  3,  78,  92,  75,  74,  63,  118
702, dedenne,  13,  18,  67,  58,  57,  81,  67,  101
703, carbink,  6,  18,  50,  50,  150,  50,  150,  50
704, goomy,  16,  0,  45,  50,  35,  55,  75,  40
705, sliggoo,  16,  0,  68,  75,  53,  83,  113,  60
706, goodra,  16,  0,  90,  100,  70,  110,  150,  80
707, klefki,  9,  18,  57,  80,  91,  80,  87,  75
708, phantump,  8,  12,  43,  70,  48,  50,  60,  38
709, trevenant,  8,  12,  85,  110,  76,  65,  82,  56
710, pumpkaboo,  8,  12,  49,  66,  70,  44,  55,  51
711, gourgeist,  8,  12,  65,  90,  122,  58,  75,  84
712, bergmite,  15,  0,  55,  69,  85,  32,  35,  28
713, avalugg,  15,  0,  95,  117,  184,  44,  46,  28
714, noibat,  3,  16,  40,  30,  35,  45,  40,  55
715, noivern,  3,  16,  85,  70,  80,  97,  80,  123
716, xerneas,  18,  0,  126,  131,  95,  131,  98,  99
717, yveltal,  17,  3,  126,  131,  95,  131,  98,  99
718, zygarde,  16,  5,  108,  100,  121,  81,  95,  95
719, diancie,  6,  18,  50,  100,  150,  100,  150,  50
720, hoopa,  14,  8,  80,  110,  60,  150,  130,  70
721, volcanion,  10,  11,  80,  110,  120,  130,  90,  70
